totalrev,population,unemployment,gini,tax_sales,crime_rate_per1000,income_capita,bachelor_degree,highschool,tobacco_smokers,cannabis_rev,poverty,median_age,price,alcolism_rate
22556106,36569,0.148,0.441,7.75,8.00208750108724,23956,20.3,79.5,14.4,587755.2525000001,35.4,33.8,7.29,17
26997269,19975,0.068,0.5022,9.5,1.0248901903367498,32469,31.8,78.7,11.0,3727934.25,5.0,37.0,3.01,17
296987199,78262,0.056,0.4624,10.75,2.0530497927940488,44283,46.0,88.0,10.0,19970897.16,8.1,38.0,7.29,17
39261804,20542,0.036,0.4624,10.75,1.9917343026440273,44283,46.0,88.0,10.0,5241907.5600000005,9.4,38.0,7.29,17
149426535,82182,0.079,0.5022,10.25,1.8977568749484306,32469,31.8,78.7,11.0,15337626.66,14.0,37.0,3.01,17
24304501,51233,0.051,0.47,7.75,0.516776082837292,38590,39.9,85.1,10.5,5075653.31,4.2,38.5,7.29,18
51354614,21566,0.06,0.4719,7.75,2.5914336006258556,42677,34.9,85.1,12.3,2187008.06,8.4,42.1,7.29,21
1314827686,344604,0.069,0.47,7.75,3.1646016698924884,38590,39.9,85.1,10.5,34139918.28,15.2,38.5,7.29,18
19785579,11181,0.069,0.4603,7.75,5.784732100521574,27983,22.2,90.8,19.4,5106809.94,18.2,41.5,7.29,21
13256555,3641,0.065,0.4617,7.75,1.5349194167306217,32494,18.7,90.4,15.3,12426150.440000001,5.3,52.3,7.29,22
166738565,115142,0.092,0.4703,9.75,5.752789836737955,45524,41.7,89.4,11.8,13386408.92,14.3,39.9,7.29,19
93293203,76160,0.084,0.441,7.75,4.577926023956462,23956,20.3,79.5,14.4,6402771.199999999,17.8,33.8,7.29,17
107660791,56240,0.066,0.5022,10.25,1.4261702236031173,32469,31.8,78.7,11.0,10496071.2,9.5,37.0,3.01,17
39088398,17633,0.1,0.4754,8.5,3.9275583678813004,26747,29.8,90.3,16.9,26346699.610000003,37.4,39.1,7.29,21
34910557,18533,0.024,0.4538,7.75,1.4844952716076534,35832,34.6,90.9,11.8,7373354.050000001,6.3,39.7,7.29,22
13788821,16347,0.111,0.5022,9.5,4.291078133381013,32469,31.8,78.7,11.0,3050840.61,10.1,37.0,3.01,17
13767076,19833,0.127,0.4645,8.25,8.986291320893127,22553,16.1,73.8,16.1,775866.96,28.1,32.1,7.29,16
40175953,30823,0.05,0.4538,8.75,2.1256417803067467,35832,34.6,90.9,11.8,12262930.55,7.2,39.7,7.29,22
29028189,6806,0.033,0.4852,9.375,1.661589587371919,57375,49.9,89.2,9.3,727289.16,3.4,40.0,7.29,20
54219112,32019,0.099,0.4708,8.75,6.95194384449244,21634,14.0,69.4,14.7,8702764.200000001,21.3,31.3,7.29,17
28863707,3428,0.0,0.5022,10.0,2.686727565824825,32469,31.8,78.7,11.0,639767.64,11.7,37.0,3.01,17
10913564,12750,0.136,0.4346,8.25,5.311369409591256,21186,13.5,73.7,15.5,9466492.5,33.1,32.1,7.29,20
153205927,50191,0.085,0.5022,10.25,2.856859438547763,32469,31.8,78.7,11.0,9367146.33,15.0,37.0,3.01,17
752305760,406129,0.079,0.4645,82.5,4.550608122036693,22553,16.1,73.8,16.1,15887766.479999999,18.5,32.1,7.29,16
70710244,71455,0.094,0.5022,10.25,2.478184071076428,32469,31.8,78.7,11.0,13335646.65,14.0,37.0,3.01,17
92239136,30629,0.094,0.4547,7.75,4.324324324324325,27142,21.8,81.7,11.8,7756181.67,23.2,36.0,5.29,19
49141479,25405,0.092,0.441,8.75,11.359396376601302,23956,20.3,79.5,14.4,2135798.3499999996,36.6,33.8,7.29,17
74170633,54313,0.063,0.4547,7.75,1.804275348107472,27142,21.8,81.7,11.8,13753680.99,10.4,36.0,5.29,19
34086317,33962,0.097,0.5022,9.5,4.698117956318689,32469,31.8,78.7,11.0,6338328.06,23.9,37.0,3.01,17
46781225,39265,0.099,0.5022,10.25,4.23597077568786,32469,31.8,78.7,11.0,7328026.95,29.9,37.0,3.01,17
62029692,78107,0.109,0.5022,10.25,3.4697634895907092,32469,31.8,78.7,11.0,14577109.41,13.8,37.0,3.01,17
85419415,27587,0.04,0.4852,9.875,1.6500440011733646,57375,49.9,89.2,9.3,2947946.82,4.2,40.0,7.29,20
9457808,2103,0.011,0.5158,8.25,0.47303689687795647,69275,58.8,93.2,8.7,123929.79,4.4,47.1,7.29,21
83023247,26995,0.052,0.4231,8.375,0.5619753433318113,33700,26.2,88.0,14.5,6102219.75,7.0,38.5,7.29,20
509307358,121269,0.049,0.4624,10.25,5.033065120370069,44283,46.0,88.0,10.0,30945423.42,20.0,38.0,7.29,17
482690714,32565,0.071,0.5022,9.5,3.010727543772471,32469,31.8,78.7,11.0,6077605.95,9.5,37.0,3.01,17
57881479,5054,0.048,0.441,7.75,14.309922801732254,23956,20.3,79.5,14.4,424889.77999999997,17.1,33.8,7.29,17
13131880,3868,0.047,0.4617,8.75,9.112838381131064,31540,26.1,88.8,15.3,1071668.08,3.9,44.5,7.29,22
2648333,1165,0.063,0.4754,8.75,4.32,26747,29.8,90.3,16.9,1740708.05,26.75,39.1,7.29,21
21728256,17470,0.081,0.4547,8.75,4.625672482276635,27142,21.8,81.7,11.8,4423928.1,28.4,36.0,5.29,19
2031362,914,0.129,0.5022,9.5,0.9182736455463728,32469,31.8,78.7,11.0,170579.82,7.4,37.0,3.01,17
41230849,26648,0.157,0.4768,7.75,4.5869820690700935,17590,14.5,69.0,11.4,3636119.5999999996,31.8,32.5,7.29,18
124083041,47097,0.057,0.47,7.75,1.6306194089004642,38590,39.9,85.1,10.5,4665899.79,6.5,38.5,7.29,18
169998612,64224,0.063,0.4703,9.5,2.535009086327749,45524,41.7,89.4,11.8,7466682.24,6.6,39.9,7.29,19
40925928,4789,0.104,0.4852,9.875,2.1070375052675936,57375,49.9,89.2,9.3,511752.54,7.2,40.0,7.29,20
13817072,5185,0.026,0.4798,7.75,0.5834305717619602,34229,33.8,81.0,9.6,1211630.8,0.5,33.9,7.29,20
119874545,83968,0.071,0.47,7.75,2.977235044234935,38590,39.9,85.1,10.5,8318709.76,13.6,38.5,7.29,18
581865992,106268,0.098,0.5022,10.25,1.8218974724787445,32469,31.8,78.7,11.0,19832796.84,10.8,37.0,3.01,17
121690297,30699,0.04,0.4852,9.625,2.4122306614075693,57375,49.9,89.2,9.3,3280495.14,5.5,40.0,7.29,20
40222155,23151,0.125,0.5022,9.5,1.4573617588274483,32469,31.8,78.7,11.0,4320671.13,7.3,37.0,3.01,17
56119034,38906,0.267,0.4768,8.25,2.3309445284796784,17590,14.5,69.0,11.4,5308723.699999999,25.1,32.5,7.29,18
27490608,14942,0.199,0.4645,7.25,5.796494168587192,22553,16.1,73.8,16.1,584531.0399999999,28.7,32.1,7.29,16
13137450,10544,0.047,0.4547,7.75,2.424776810316323,27142,21.8,81.7,11.8,2670057.12,11.3,36.0,5.29,19
3621174,6465,0.187,0.4768,7.75,3.66,17590,14.5,69.0,11.4,882149.2499999999,32.3,32.5,7.29,18
25220595,5283,0.03,0.4719,7.75,1.1233851338700618,42677,34.9,85.1,12.3,535749.03,7.0,42.1,7.29,21
119446957,70739,0.052,0.4617,7.25,0.8329982191072557,36891,33.1,84.4,9.6,7256406.62,7.0,38.7,7.29,19
67824629,43086,0.044,0.4652,9.375,2.084455582359416,52451,51.3,88.1,7.8,5518885.74,6.2,37.5,7.29,18
8039997,11147,0.043,0.4687,7.75,1.3212366775301683,27142,21.8,81.7,11.8,2822754.81,5.0,36.0,5.29,19
20363975,10112,0.034,0.4826,9.0,2.97000297000297,39001,40.0,86.4,13.4,5153479.68,13.1,38.5,7.29,21
316137930,115680,0.054,0.463,7.75,2.047432178809077,36156,38.1,87.1,11.1,21968788.8,5.7,36.3,7.29,20
25077188,3095,0.019,0.4619,9.25,2.837245292752128,28836,24.5,71.3,11.7,528626.0,14.9,34.9,7.29,20
18372852,13267,0.057,0.4798,9.0,0.813970697054906,34229,33.8,81.0,9.6,3100232.56,8.0,33.9,7.29,20
107673147,92912,0.099,0.5022,10.25,4.828868804854971,32469,31.8,78.7,11.0,17340166.56,10.3,37.0,3.01,17
99610222,51898,0.069,0.4687,8.75,2.6018140425685683,27142,21.8,81.7,11.8,13142130.54,20.7,36.0,5.29,19
77703979,48762,0.096,0.4438,8.375,4.253673627223511,25101,16.9,78.3,17.1,16843857.66,15.6,34.4,7.29,19
97123973,49163,0.074,0.5022,9.5,2.507799849926938,32469,31.8,78.7,11.0,9175290.69,4.9,37.0,3.01,17
257706495,89824,0.063,0.441,7.75,3.524446158460813,23956,20.3,79.5,14.4,7551503.68,11.0,33.8,7.29,17
121233330,78437,0.049,0.441,7.75,1.1232368137909834,23956,20.3,79.5,14.4,6594198.59,7.0,33.8,7.29,17
376099496,276922,0.075,0.463,8.75,3.2845256694401046,36156,38.1,87.1,11.1,52590257.019999996,10.8,36.3,7.29,20
54296689,87245,0.065,0.4583,7.75,3.5368830229614896,31311,30.4,87.4,13.6,26040015.150000002,12.0,36.6,3.68,21
53045901,37364,0.07,0.5022,9.5,1.3903655843624765,32469,31.8,78.7,11.0,6973243.319999999,8.3,37.0,3.01,17
7555443,10964,0.048,0.4703,8.75,0.08093234056328909,45524,41.7,89.4,11.8,1274674.6400000001,2.3,39.9,7.29,19
29472494,16671,0.13,0.4796,8.75,7.7272727272727275,25404,15.8,85.2,25.1,7588972.62,34.1,44.6,7.29,19
16737797,9029,0.015,0.4589,8.5,1.7957351290684624,39929,34.9,88.0,12.3,2010035.98,8.6,42.5,1.13,21
255910348,121667,0.054,0.4668,7.975,2.1284050100726986,23284,20.7,75.3,14.6,1407200.522,11.9,32.6,7.29,16
56770840,42178,0.132,0.4687,8.75,2.7105517909002903,27142,21.8,81.7,11.8,10680734.94,23.4,36.0,5.29,19
25549634,17520,0.114,0.4668,8.975,2.5067253607238933,23284,20.7,75.3,14.6,202636.32,21.8,32.6,7.29,16
22439453,1391,0.047,0.4852,9.375,18.51851851851852,57375,49.9,89.2,9.3,148642.26,6.95,40.0,7.29,20
152820562,53853,0.078,0.441,87.5,3.9049020142029462,23956,20.3,79.5,14.4,4527421.71,15.8,33.8,7.29,17
73935522,12273,0.095,0.5022,10.25,10.777881911902531,32469,31.8,78.7,11.0,2290509.9899999998,16.3,37.0,3.01,17
176689457,95261,0.129,0.5022,10.25,11.42407748504729,32469,31.8,78.7,11.0,17778560.43,21.9,37.0,3.01,17
214423522,124755,0.059,0.4703,9.75,4.1419438808712625,45524,41.7,89.4,11.8,14504016.3,10.7,39.9,7.29,19
20932745,20807,0.184,0.4346,82.5,5.5261555753289935,21186,13.5,73.7,15.5,15448573.290000001,37.2,32.1,7.29,20
344371449,156901,0.058,0.4687,8.75,1.7029992684711046,27142,21.8,81.7,11.8,39732040.23,10.5,36.0,5.29,19
75715184,22611,0.05,0.463,7.75,0.4262372720814587,36156,38.1,87.1,11.1,4294055.01,5.7,36.3,7.29,20
37906807,10147,0.058,0.5158,9.0,1.78,69275,58.8,93.2,8.7,597962.71,3.3,47.1,7.29,21
188576511,112183,0.054,0.47,7.75,2.7357142230834657,38590,39.9,85.1,10.5,11113969.809999999,13.0,38.5,7.29,18
18250942,7512,0.052,0.4589,9.5,5.234916895694281,39929,34.9,88.0,12.3,1672321.44,10.9,42.5,1.13,21
83026069,50933,0.095,0.5022,10.25,3.5636136292591436,32469,31.8,78.7,11.0,9505625.79,8.7,37.0,3.01,17
24765766,6320,0.114,0.4594,82.5,3.4246575342465753,22832,14.3,81.0,20.3,1721757.6,31.2,40.1,7.29,20
14214432,22526,0.09,0.5022,10.25,3.7351015611885177,32469,31.8,78.7,11.0,4204027.38,28.0,37.0,3.01,17
225329531,40330,0.073,0.5022,10.25,4.636706409864465,32469,31.8,78.7,11.0,7526787.899999999,7.4,37.0,3.01,17
125426339,59884,0.038,0.4652,9.125,0.911244760342628,52451,51.3,88.1,7.8,7670541.5600000005,5.4,37.5,7.29,18
68609736,50029,0.062,0.47,7.75,1.059386778038097,38590,39.9,85.1,10.5,4956373.029999999,5.8,38.5,7.29,18
182639414,103930,0.059,0.4852,9.875,2.1531722166536733,57375,49.9,89.2,9.3,11105959.8,8.6,40.0,7.29,20
45341686,33053,0.053,0.47,7.75,1.5394179815861928,38590,39.9,85.1,10.5,3274560.71,6.7,38.5,7.29,18
41972699,43373,0.044,0.4703,87.5,0.5111451874569415,45524,41.7,89.4,11.8,5042544.98,3.3,39.9,7.29,19
184646686,66687,0.039,0.4931,82.5,1.5336763799504063,32598,41.6,86.4,5.6,13124001.600000001,29.6,31.5,7.29,18
29434860,3957,0.026,0.4538,7.75,1.6021972991531241,35832,34.6,90.9,11.8,1574292.4500000002,8.8,39.7,7.29,22
4181806,1558,0.142,0.4619,9.25,4.181600955794504,28836,24.5,71.3,11.7,266106.4,5.52,34.9,7.29,20
66491318,50045,0.236,0.4645,8.25,3.8677785743934194,22553,16.1,73.8,16.1,1957760.4,24.5,32.1,7.29,16
34579204,32546,0.104,0.4687,7.75,8.760779194008315,27142,21.8,81.7,11.8,8241623.58,33.5,36.0,5.29,19
34369213,54782,0.071,0.5022,9.5,1.2774111134766872,32469,31.8,78.7,11.0,10223964.66,6.3,37.0,3.01,17
70035118,24872,0.138,0.4755,8.5,6.5221794612112625,20421,14.3,69.8,10.4,3019958.24,25.9,31.3,7.29,16
70015563,19094,0.055,0.4011,7.375,2.5992779783393503,33700,26.2,88.0,14.5,4316198.7,12.1,38.5,7.29,20
1278452,859,0.075,0.4594,7.25,4.459308807134894,28130,22.5,90.0,20.3,66632.62999999999,21.5,47.1,7.29,21
6182823,5835,0.106,0.4708,7.75,11.440829460135859,21634,14.0,69.4,14.7,1585953.0,10.81,31.3,7.29,17
169800092,113525,0.089,0.5022,10.0,3.1336241431496483,32469,31.8,78.7,11.0,21187170.75,9.9,37.0,3.01,17
26757033,21473,0.084,0.5022,10.25,2.552204176334107,32469,31.8,78.7,11.0,4007505.9899999998,11.2,37.0,3.01,17
129324891,73209,0.046,0.4624,10.25,1.6194454534447271,44283,46.0,88.0,10.0,18681472.62,3.5,38.0,7.29,17
6902386,1705,0.095,0.4594,7.75,8.951406649616368,28130,22.5,90.0,20.3,132256.84999999998,20.59,47.1,7.29,21
43642059,29423,0.066,0.4852,9.875,4.850771407397427,57375,49.9,89.2,9.3,3144141.78,12.6,40.0,7.29,20
61620342,70444,0.056,0.4687,7.75,1.2516965766852661,27142,21.8,81.7,11.8,17838534.12,3.0,36.0,5.29,19
131100133,106447,0.089,0.463,8.25,5.323765985764712,36156,38.1,87.1,11.1,20215349.77,21.7,36.3,7.29,20
287793851,44871,0.143,0.4768,8.25,3.227772385617227,17590,14.5,69.0,11.4,6122647.949999999,24.6,32.5,7.29,18
57348062,25671,0.091,0.4703,10.25,5.878485516494566,45524,41.7,89.4,11.8,2984510.46,13.2,39.9,7.29,19
147485510,108728,0.091,0.5022,10.0,2.6245359578692913,32469,31.8,78.7,11.0,20291906.64,14.5,37.0,3.01,17
86799519,31659,0.056,0.4538,8.75,1.63,35832,34.6,90.9,11.8,12595533.15,7.9,39.7,7.29,22
101612861,17244,0.077,0.4583,9.5,4.902253841095235,31311,30.4,87.4,13.6,5146816.680000001,7.8,36.6,3.68,21
212080061,176769,0.058,0.4624,8.75,2.119754746655118,44283,46.0,88.0,10.0,45107913.42,8.8,38.0,7.29,17
87715984,12617,0.054,0.463,10.5,13.408723747980615,36156,38.1,87.1,11.1,2396094.4699999997,13.6,36.3,7.29,20
135029726,61724,0.045,0.4546,7.75,1.3581806696146557,26145,18.4,78.9,11.6,6112527.72,6.9,34.6,7.29,20
10888542,7439,0.091,0.463,7.75,2.0931449502878077,36156,38.1,87.1,11.1,1412740.49,6.7,36.3,7.29,20
303339384,151389,0.064,0.463,7.75,3.498351989035016,36156,38.1,87.1,11.1,28750284.99,14.9,36.3,7.29,20
2040524,684,0.182,0.4594,7.25,2.793296089385475,26747,22.5,90.0,20.3,53057.88,21.81,47.1,7.29,21
73815027,27134,0.062,0.4755,9.25,7.2294516738961185,20421,14.3,69.8,10.4,3294610.2800000003,22.3,31.3,7.29,16
18009956,10305,0.186,0.5158,8.75,2.4628208771431277,69275,58.8,93.2,8.7,607273.65,24.0,47.1,7.29,21
13025942,7496,0.108,0.4011,9.0,1.1890606420927465,33700,26.2,88.0,14.5,1694470.8,4.7,38.5,7.29,20
271288419,120421,0.072,0.4755,8.375,3.733644188777105,20421,14.3,69.8,10.4,14621517.82,9.0,31.3,7.29,16
15755968,10308,0.12,0.4754,8.75,3.2464520916427047,26747,29.8,90.3,16.9,15401904.360000001,27.7,39.1,7.29,21
2281844,1376,0.041,0.4617,8.5,2.93470286133529,36891,33.1,84.4,9.6,141150.08,12.95,38.7,7.29,19
29896115,16681,0.048,0.4668,7.25,1.256992018100685,23284,20.7,75.3,14.6,192932.44600000003,13.5,32.6,7.29,16
18008948,8164,0.184,0.4583,7.975,1.304399383374837,31311,30.4,87.4,13.6,2436709.08,27.7,36.6,3.68,21
211675153,83075,0.044,0.441,7.75,1.0259361667521614,23956,20.3,79.5,14.4,6984115.249999999,5.4,33.8,7.29,17
297765274,209889,0.071,0.4736,7.75,3.423150502818656,27395,24.7,86.9,15.9,26437618.439999998,13.9,43.6,7.29,21
26846977,7064,0.05,0.4736,8.875,4.344284550638067,27395,24.7,86.9,15.9,889781.44,20.7,43.6,7.29,21
1875656,694,0.121,0.4594,7.25,2.898550724637681,26747,22.5,90.0,20.3,53833.579999999994,29.35,47.1,7.29,21
23100315,12523,0.048,0.4852,8.5,2.2732808313712756,57375,49.9,89.2,9.3,1338207.78,16.8,40.0,7.29,20
102326139,33325,0.036,0.47,9.375,1.1263863216266172,38590,39.9,85.1,10.5,3301507.75,3.6,38.5,7.29,18
101231104,57068,0.061,0.4668,8.75,0.9488345447384439,23284,20.7,75.3,14.6,660048.488,8.6,32.6,7.29,16
12906391,6863,0.088,0.4624,8.975,4.200463499420626,44283,46.0,88.0,10.0,1751300.34,19.5,38.0,7.29,17
401990292,228872,0.049,0.4668,10.25,1.6605296259241886,23284,20.7,75.3,14.6,2647133.552,4.8,32.6,7.29,16
1076363707,542720,0.082,0.4668,8.35,5.42,23284,20.7,75.3,14.6,6277099.5200000005,26.9,38.5,7.29,16
229555872,141974,0.064,0.4583,7.75,2.6605988844030413,31311,30.4,87.4,13.6,42374979.78,13.4,36.6,3.68,21
47716527,25383,0.079,0.47,92.5,2.8735632183908044,38590,39.9,85.1,10.5,2514693.81,12.2,38.5,7.29,18
357149691,171284,0.075,0.5022,87.5,5.415071950261562,32469,31.8,78.7,11.0,31966732.919999998,15.1,37.0,3.01,17
121028788,60382,0.1,0.4652,10.25,2.9219126087761524,52451,51.3,88.1,7.8,7734330.38,14.9,37.5,7.29,18
131638480,59396,0.063,0.5022,9.125,4.17595581139986,32469,31.8,78.7,11.0,11085075.48,9.0,37.0,3.01,17
811862591,194618,0.09,0.5022,10.25,1.140172062329406,32469,31.8,78.7,11.0,36321557.339999996,14.9,37.0,3.01,17
82942472,52316,0.075,0.4798,10.25,2.9687230660205706,34229,33.8,81.0,9.6,12225202.88,8.9,33.9,7.29,20
49057472,33315,0.039,0.4619,7.75,1.29324280633689,28836,24.5,71.3,11.7,5690202.0,7.6,34.9,7.29,20
17523358,8492,0.055,0.441,8.75,2.0218839200761183,23956,20.3,79.5,14.4,713922.44,12.0,33.8,7.29,17
8002332,13131,0.091,0.4634,7.75,2.924669986562327,37145,36.6,94.2,15.6,4022419.23,8.9,50.1,7.29,23
35345899,13670,0.031,0.4619,8.5,5.650592151095286,28836,24.5,71.3,11.7,2334836.0,21.7,34.9,7.29,20
18227663,7413,0.075,0.4538,7.25,4.381988516168026,35832,34.6,90.9,11.8,2949262.0500000003,18.1,39.7,7.29,22
23454045,12879,0.036,0.4798,8.75,0.9577132753794018,34229,33.8,81.0,9.6,3009564.72,13.6,33.9,7.29,20
13922911,8622,0.071,0.4708,8.75,1.949064449064449,21634,14.0,69.4,14.7,2343459.6,16.6,31.3,7.29,17
11368007,6098,0.158,0.4852,8.25,3.5617367706919945,57375,49.9,89.2,9.3,651632.28,13.0,40.0,7.29,20
28390988,11462,0.022,0.4852,9.375,2.09,57375,49.9,89.2,9.3,1224829.32,3.5,40.0,7.29,20
81336987,58544,0.084,0.5022,7.25,4.490494828068213,32469,31.8,78.7,11.0,10926066.719999999,18.0,37.0,3.01,17
15984746,13755,0.072,0.5022,10.25,5.307262569832401,32469,31.8,78.7,11.0,2567095.65,23.1,37.0,3.01,17
122959291,87722,0.104,0.4624,10.25,7.284806139396369,44283,46.0,88.0,10.0,22384899.96,15.6,38.0,7.29,17
390000732,161744,0.073,0.4589,10.75,3.416095254598114,39929,34.9,88.0,12.3,36007449.28,9.3,42.5,1.13,21
65819022,11174,0.063,0.4687,9.0,1.3925294888597641,27142,21.8,81.7,11.8,2829592.02,4.5,36.0,5.29,19
111057188,89823,0.106,0.4703,8.75,3.9845728491438397,45524,41.7,89.4,11.8,10442821.98,21.5,39.9,7.29,19
30201271,26357,0.063,0.5022,9.25,1.2020628950327659,32469,31.8,78.7,11.0,4919006.91,4.2,37.0,3.01,17
53119477,19382,0.055,0.441,9.5,2.6207605344295994,23956,20.3,79.5,14.4,1629444.7399999998,5.3,33.8,7.29,17
91867784,100225,0.097,0.5022,7.75,4.816764843872178,32469,31.8,78.7,11.0,18704991.75,21.0,37.0,3.01,17
4291483,1736,0.058,0.5022,9.5,0.5254860746190225,32469,31.8,78.7,11.0,323989.68,8.2,37.0,3.01,17
35523717,56915,0.078,0.441,7.75,6.50073627123514,23956,20.3,79.5,14.4,4784844.05,20.0,33.8,7.29,17
64941786,11110,0.045,0.4768,9.375,0.4339901050256054,17590,14.5,69.0,11.4,1515959.4999999998,2.7,32.5,7.29,18
89954319,41919,0.081,0.4438,9.25,2.8218520260402484,25101,16.9,78.3,17.1,14480080.17,9.7,34.4,7.29,19
6951648,5504,0.194,0.47,7.75,2.0667257159728374,38590,39.9,85.1,10.5,545281.2799999999,28.3,38.5,7.29,18
17040882,7495,0.118,0.5022,7.875,0.6518055012384304,32469,31.8,78.7,11.0,1398791.8499999999,10.5,37.0,3.01,17
365498192,197616,0.058,0.4668,7.75,1.912377441873139,23284,20.7,75.3,14.6,2285626.656,8.8,32.6,7.29,16
62391105,54519,0.089,0.4768,10.25,7.871985699798903,17590,14.5,69.0,11.4,7439117.55,26.1,32.5,7.29,18
7011612,6176,0.19,0.463,8.975,11.27870634597092,36156,38.1,87.1,11.1,1172884.16,45.7,36.3,7.29,20
29995835,26448,0.097,0.4687,7.75,0.27639579878385845,27142,21.8,81.7,11.8,6697427.04,6.2,36.0,5.29,19
32703402,20755,0.089,0.4687,8.75,2.610303447775804,27142,21.8,81.7,11.8,5255788.649999999,20.0,36.0,5.29,19
35794856,4771,0.055,0.5022,7.75,2.3636363636363638,32469,31.8,78.7,11.0,890411.73,5.5,37.0,3.01,17
145208145,88862,0.082,0.5022,8.75,5.711022272986865,32469,31.8,78.7,11.0,16584315.06,17.4,37.0,3.01,17
290283626,107143,0.112,0.47,10.0,6.134240213555666,38590,39.9,85.1,10.5,10614657.01,18.5,38.5,7.29,18
6787343,8722,0.025,0.5022,7.75,1.3011592145729831,32469,31.8,78.7,11.0,1627786.8599999999,6.1,37.0,3.01,17
381962775,301254,0.053,0.4583,7.75,0.6423551198778158,31311,30.4,87.4,13.6,89915281.38000001,13.3,36.6,3.68,21
2286634,790,0.108,0.4687,8.75,8.244994110718492,27142,21.8,81.7,11.8,200051.69999999998,16.1,36.0,5.29,19
11709979,5028,0.028,0.4668,7.75,6.253908692933083,23284,20.7,75.3,14.6,58153.848000000005,5.8,32.6,7.29,16
71275458,105415,0.07,0.4619,7.75,2.8789130967841543,28836,24.5,71.3,11.7,18004882.0,9.5,34.9,7.29,20
19608103,16074,0.114,0.4668,8.975,1.510871707285029,23284,20.7,75.3,14.6,185911.88400000002,20.0,32.6,7.29,16
17905896,13476,0.063,0.5022,8.975,1.340860973888497,32469,31.8,78.7,11.0,2515025.88,24.1,37.0,3.01,17
23339148,12533,0.058,0.47,8.975,1.4847809948032664,38590,39.9,85.1,10.5,1241644.3099999998,16.2,38.5,7.29,18
26166481,20291,0.063,0.5022,9.5,0.7417297136923305,32469,31.8,78.7,11.0,3786909.33,3.3,37.0,3.01,17
107391362,62317,0.065,0.463,8.25,2.2430146116380416,36156,38.1,87.1,11.1,11834621.47,11.5,36.3,7.29,20
7349045,5655,0.036,0.5022,9.5,0.746686578308755,32469,31.8,78.7,11.0,1055392.65,3.1,37.0,3.01,17
88515837,60608,0.065,0.47,85.0,2.906539714357304,38590,39.9,85.1,10.5,6004434.56,12.0,38.5,7.29,18
52012661,49074,0.08,0.5022,9.5,1.7658412385528315,32469,31.8,78.7,11.0,9158680.62,6.9,37.0,3.01,17
21482677,15463,0.042,0.4687,8.75,1.0917731680688458,27142,21.8,81.7,11.8,3915695.4899999998,4.9,36.0,5.29,19
27738802,37626,0.093,0.5022,10.0,3.782944182783846,32469,31.8,78.7,11.0,7022140.38,17.5,37.0,3.01,17
97552112,37949,0.066,0.4703,8.75,1.617353248977262,45524,41.7,89.4,11.8,4411950.74,10.8,39.9,7.29,19
66694660,32608,0.076,0.47,10.25,1.5767994063814,38590,39.9,85.1,10.5,3230474.5599999996,7.7,38.5,7.29,18
24559875,25217,0.041,0.47,8.75,0.14885382554331647,38590,39.9,85.1,10.5,2498248.19,4.1,38.5,7.29,18
119813282,22862,0.05,0.47,7.75,1.6507384882710687,38590,39.9,85.1,10.5,2264938.34,6.8,38.5,7.29,18
26547081,31017,0.052,0.47,7.75,1.0281785174951001,38590,39.9,85.1,10.5,3072854.19,8.7,38.5,7.29,18
50465772,64885,0.055,0.47,7.75,0.6449580777249478,38590,39.9,85.1,10.5,6428156.949999999,8.1,38.5,7.29,18
7851283,17670,0.075,0.47,7.75,0.43632737019260737,38590,39.9,85.1,10.5,1750566.9,11.9,38.5,7.29,18
102998363,70891,0.076,0.4687,8.75,2.4622128604366513,27142,21.8,81.7,11.8,17951727.93,16.4,36.0,5.29,19
86921444,86406,0.052,0.47,7.75,0.7613247049866768,38590,39.9,85.1,10.5,8560242.42,7.1,38.5,7.29,18
14063948,4898,0.046,0.4796,8.75,6.856221012300867,25404,15.8,85.2,25.1,2229667.56,10.2,44.6,7.29,19
99794248,81681,0.083,0.5022,10.25,2.7697720552457237,32469,31.8,78.7,11.0,15244125.03,6.4,37.0,3.01,17
222537761,176166,0.124,0.5022,10.25,8.529199485361032,32469,31.8,78.7,11.0,32877860.58,23.8,37.0,3.01,17
30884558,12963,0.021,0.5158,9.25,1.78,69275,58.8,93.2,8.7,763909.59,7.4,47.1,7.29,21
106703839,29384,0.091,0.4546,8.75,7.87,26145,18.4,78.9,11.6,2909897.52,10.9,34.6,7.29,20
24600135,31638,0.093,0.5022,10.25,3.8166773533632563,32469,31.8,78.7,11.0,5904599.9399999995,13.9,37.0,3.01,17
28983876,27422,0.083,0.463,7.75,6.145354185832566,36156,38.1,87.1,11.1,5207712.02,12.4,36.3,7.29,20
36170007,27225,0.077,0.4755,7.25,4.714157437892847,20421,14.3,69.8,10.4,3305659.5,17.2,31.3,7.29,16
14671888,12624,0.211,0.4755,8.75,5.033557046979865,20421,14.3,69.8,10.4,1532806.08,35.2,31.3,7.29,16
213161830,87388,0.046,0.4624,10.25,2.111181605373121,44283,46.0,88.0,10.0,22299669.84,4.6,38.0,7.29,17
21305725,14340,0.094,0.4708,7.75,2.738413089614568,21634,14.0,69.4,14.7,3897612.0,17.5,31.3,7.29,17
235133363,66145,0.079,0.4546,8.25,3.5052949180618826,26145,18.4,78.9,11.6,6550339.35,17.0,34.6,7.29,20
47764629,25310,0.053,0.441,7.75,3.141318537859008,23956,20.3,79.5,14.4,2127811.6999999997,17.9,33.8,7.29,17
24357182,20851,0.038,0.5022,10.25,3.259864739940641,32469,31.8,78.7,11.0,3891422.13,11.7,37.0,3.01,17
148299764,44044,0.081,0.4798,8.75,6.796207202578355,34229,33.8,81.0,9.6,10292201.92,19.1,33.9,7.29,20
2581888000,459757,0.096,0.5022,10.25,5.062247047912918,32469,31.8,78.7,11.0,85804448.91,18.1,37.0,3.01,17
19023378,11895,0.083,0.47,9.25,0.5198856251624642,38590,39.9,85.1,10.5,1178437.65,9.1,38.5,7.29,18
61718303,31651,0.035,0.4652,9.125,0.683682771194166,52451,51.3,88.1,7.8,4054176.5900000003,3.4,37.5,7.29,18
19614107,8414,0.035,0.4652,9.125,0.3479471120389701,52451,51.3,88.1,7.8,1077749.26,3.9,37.5,7.29,18
17563869909,3853323,0.089,0.5022,9.5,7.321544816072334,32469,31.8,78.7,11.0,719145671.49,19.1,37.0,3.01,17
74712351,46168,0.129,0.4708,8.75,3.5215603221119514,21634,14.0,69.4,14.7,12548462.4,20.7,31.3,7.29,17
51370842,33193,0.043,0.4652,9.25,0.4546487838145033,52451,51.3,88.1,7.8,4251691.37,4.5,37.5,7.29,18
85918449,67260,0.11,0.5022,10.25,6.428864753111768,32469,31.8,78.7,11.0,12552733.799999999,20.5,37.0,3.01,17
55445348,10739,0.062,0.5022,10.0,3.439112083789276,32469,31.8,78.7,11.0,2004219.57,7.9,37.0,3.01,17
44398432,7324,0.0,0.4546,7.75,5.176238599950702,33421,30.6,88.7,11.7,5899701.72,7.6,40.3,7.29,22
125678233,35357,0.053,0.5022,9.5,1.54568192676278,32469,31.8,78.7,11.0,6598676.91,3.3,37.0,3.01,17
203894115,84995,0.073,0.4546,8.25,2.3825772541695103,26145,18.4,78.9,11.6,8417054.85,10.9,34.6,7.29,20
997635,1028,0.134,0.4645,7.25,5.45,22553,16.1,73.8,16.1,40215.36,12.7,32.1,7.29,16
51397903,21271,0.057,0.4619,9.25,1.8768277246737375,28836,24.5,71.3,11.7,3633086.8000000003,11.2,34.9,7.29,20
59063903,37195,0.055,0.4703,9.75,2.145146283469451,45524,41.7,89.4,11.8,4324290.7,5.3,39.9,7.29,19
29704830,13003,0.081,0.4276,8.25,9.22685332484887,23867,16.7,82.0,22.4,7427443.630000001,22.6,33.2,7.29,19
18843948,25033,0.086,0.5022,9.5,3.2983947812064796,32469,31.8,78.7,11.0,4671908.79,25.7,37.0,3.01,17
9900151,14034,0.089,0.4645,8.25,4.3145083392362675,22553,16.1,73.8,16.1,549010.08,36.8,32.1,7.29,16
16301892,12499,0.122,0.4668,7.975,7.259686871337357,23284,20.7,75.3,14.6,144563.434,47.2,32.6,7.29,16
99585638,103617,0.075,0.4687,8.75,1.5328505734975422,27142,21.8,81.7,11.8,26238932.91,9.9,36.0,5.29,19
93012666,33509,0.033,0.4852,9.375,1.4338562128989705,57375,49.9,89.2,9.3,3580771.7399999998,8.4,40.0,7.29,20
198061952,88200,0.092,0.4708,8.25,6.439764352326663,21634,14.0,69.4,14.7,23972760.0,29.7,31.3,7.29,17
52661506,14002,0.032,0.5158,8.25,1.3944084222268702,69275,58.8,93.2,8.7,825137.86,4.7,47.1,7.29,21
65720129,22807,0.048,0.4852,9.375,2.09,57375,49.9,89.2,9.3,2437156.02,4.7,40.0,7.29,20
186509610,80287,0.054,0.4652,9.375,1.2387059166423784,52451,51.3,88.1,7.8,10283961.83,7.3,37.5,7.29,18
90256090,93171,0.055,0.47,7.75,0.6809634060741936,38590,39.9,85.1,10.5,9230450.969999999,5.0,38.5,7.29,18
553005013,218745,0.08,0.4438,8.875,8.11851742387158,25101,16.9,78.3,17.1,75561085.35,15.9,34.4,7.29,19
96733863,37809,0.071,0.5022,10.25,1.1707051456575008,32469,31.8,78.7,11.0,7056293.67,7.9,37.0,3.01,17
2204496,1232,0.085,0.4594,7.25,5.718370264474625,28130,22.5,90.0,20.3,95566.23999999999,19.7,47.1,7.29,21
53467323,38052,0.063,0.441,9.0,5.881318018448237,23956,20.3,79.5,14.4,3199031.6399999997,13.9,33.8,7.29,17
4845074,3458,0.013,0.4652,9.125,0.0,52451,51.3,88.1,7.8,442935.22000000003,0.8,37.5,7.29,18
142069616,62180,0.097,0.5022,10.25,2.8411811652035115,32469,31.8,78.7,11.0,11604653.4,8.2,37.0,3.01,17
143901391,28347,0.047,0.4619,9.25,2.7525849595934644,28836,24.5,71.3,11.7,4841667.600000001,8.9,34.9,7.29,20
103732106,60814,0.085,0.5022,10.25,2.0852641334569046,32469,31.8,78.7,11.0,11349716.82,14.0,37.0,3.01,17
33065566,35821,0.05,0.4617,7.25,0.7060229185901266,84017,33.1,84.4,9.6,3674518.18,4.2,38.7,7.29,19
18664012,17206,0.057,0.4703,9.75,1.2843421934331025,45524,41.7,89.4,11.8,2000369.56,3.4,39.9,7.29,19
239495785,209603,0.083,0.4687,7.75,4.0146175685731755,27142,21.8,81.7,11.8,53077767.69,15.9,36.0,5.29,19
113620439,46626,0.048,0.4652,9.125,1.1275423912572098,52451,51.3,88.1,7.8,5972324.34,6.1,37.5,7.29,18
41548830,10638,0.101,0.4538,8.75,1.976656626506024,35832,34.6,90.9,11.8,4232328.3,9.8,39.7,7.29,22
373855966,3247,0.041,0.4652,9.125,1.950377664038582,52451,51.3,88.1,7.8,415908.23000000004,5.0,37.5,7.29,18
9187080,83128,0.036,0.4594,7.5,3.665241295051924,28130,22.5,90.0,20.3,6448238.959999999,21.1,47.1,7.29,21
133824985,111671,0.058,0.4687,8.75,0.6614381555324578,27142,21.8,81.7,11.8,28278447.33,8.2,36.0,5.29,19
220454893,78246,0.064,0.4719,8.75,3.5208611020295253,42677,34.9,85.1,12.3,7934926.859999999,8.4,42.1,7.29,21
118049433,61755,0.093,0.463,7.75,5.890825524752795,36156,38.1,87.1,11.1,11727892.049999999,19.9,36.3,7.29,20
37814431,4915,0.15,0.441,7.75,14.197160567886423,23956,20.3,79.5,14.4,413204.05,36.8,33.8,7.29,17
9720197,3386,0.03,0.4634,8.375,4.761904761904763,37145,36.6,94.2,15.6,1037233.3799999999,8.4,50.1,7.29,23
98134234,47157,0.055,0.4624,10.75,1.736643170906119,44283,46.0,88.0,10.0,12033523.26,4.9,38.0,7.29,17
14529882,12326,0.109,0.4438,7.875,1.3508949679162445,25101,16.9,78.3,17.1,4257770.18,9.2,34.4,7.29,19
347932820,84459,0.047,0.47,7.75,1.582185760328157,38590,39.9,85.1,10.5,8367353.13,6.6,38.5,7.29,18
58327403,24563,0.057,0.4687,8.75,1.845087924087811,27142,21.8,81.7,11.8,6220088.489999999,7.6,36.0,5.29,19
139006953,102356,0.097,0.4438,10.25,4.111662082290349,25101,16.9,78.3,17.1,35356833.08,12.8,34.4,7.29,19
55274249,53008,0.048,0.5158,8.5,2.636548259521858,69275,58.8,93.2,8.7,3123761.44,7.9,47.1,7.29,21
41025924,23110,0.093,0.4438,8.375,1.6801075268817205,25101,16.9,78.3,17.1,7982887.3,14.0,34.4,7.29,19
1981689000,430100,0.074,0.4624,10.25,12.717839073256597,44283,46.0,88.0,10.0,109752918.0,17.6,38.0,7.29,17
52006765,43627,0.074,0.4703,8.75,1.1856604826335613,45524,41.7,89.4,11.8,5072075.0200000005,7.3,39.9,7.29,19
482751843,173932,0.068,0.463,8.25,4.01966928058082,36156,38.1,87.1,11.1,33031426.12,11.6,36.3,7.29,20
16604527,7523,0.067,0.4617,7.25,1.0668089078543808,84017,33.1,84.4,9.6,771709.34,8.5,38.7,7.29,19
657131983,176689,0.068,0.441,8.75,3.5947676765472774,23956,20.3,79.5,14.4,14854244.229999999,14.8,33.8,7.29,17
227082158,137534,0.056,0.47,7.75,1.2872774082814846,38590,39.9,85.1,10.5,13625493.379999999,13.0,38.5,7.29,18
10217947,9553,0.133,0.4668,7.975,1.868188894654904,23284,20.7,75.3,14.6,110489.998,47.8,32.6,7.29,16
25595923,19496,0.036,0.4703,9.75,0.8469931742314784,45524,41.7,89.4,11.8,2266604.96,2.6,39.9,7.29,19
479188116,200480,0.075,0.4617,9.25,3.425613558616317,84017,33.1,84.4,9.6,20565238.4,14.3,38.7,7.29,19
37015950,14942,0.083,0.4619,9.25,0.8971483498878565,28836,24.5,71.3,11.7,2552093.6,7.0,34.9,7.29,20
61802468,38088,0.052,0.4852,9.875,2.0288664029996406,57375,49.9,89.2,9.3,4070083.68,4.4,40.0,7.29,20
118912933,50976,0.067,0.4687,7.75,2.5290092234454034,27142,21.8,81.7,11.8,12908652.479999999,13.3,36.0,5.29,19
278424614,44570,0.067,0.4687,9.25,5.466158948532121,27142,21.8,81.7,11.8,11286461.1,17.3,36.0,5.29,19
159619042,168895,0.124,0.5022,10.25,4.187402156066642,32469,31.8,78.7,11.0,31520873.849999998,17.3,37.0,3.01,17
664162959,67422,0.031,0.4652,9.125,1.2847709821028415,52451,51.3,88.1,7.8,8636083.98,5.9,37.5,7.29,18
24263277,13116,0.042,0.5022,9.5,0.2985074626865672,32469,31.8,78.7,11.0,2447839.08,5.4,37.0,3.01,17
56170987,53009,0.104,0.5022,10.25,6.376097901583918,32469,31.8,78.7,11.0,9893069.67,18.7,37.0,3.01,17
16017983,14553,0.052,0.4668,8.975,4.030161206448258,23284,20.7,75.3,14.6,168319.99800000002,36.1,32.6,7.29,16
780261456,139029,0.074,0.5022,10.25,4.319547892018349,32469,31.8,78.7,11.0,25946982.27,15.7,37.0,3.01,17
50416599,23839,0.071,0.4438,7.875,2.036840240878498,25101,16.9,78.3,17.1,8234705.7700000005,14.8,34.4,7.29,19
129583872,79327,0.094,0.4687,7.75,3.2546583850931676,27142,21.8,81.7,11.8,20087976.21,20.2,36.0,5.29,19
136897959,59756,0.048,0.4589,9.5,3.043652382859431,39929,34.9,88.0,12.3,13302880.72,8.9,42.5,1.13,21
94599651,61827,0.097,0.5022,10.25,3.7213740458015265,32469,31.8,78.7,11.0,11538773.01,10.0,37.0,3.01,17
41165950,11138,0.062,0.4624,10.25,1.2381710444857168,44283,46.0,88.0,10.0,2842194.84,2.7,38.0,7.29,17
34653135,18819,0.044,0.4703,9.75,3.0351355522403414,45524,41.7,89.4,11.8,2187896.94,4.8,39.9,7.29,19
55240864,8095,0.025,0.4538,7.75,3.500301750150875,35832,34.6,90.9,11.8,3220595.75,5.8,39.7,7.29,22
165846838,75788,0.083,0.4703,9.25,6.056737781278433,45524,41.7,89.4,11.8,8811112.88,12.7,39.9,7.29,19
66307418,51522,0.058,0.47,8.75,3.709714815673545,38590,39.9,85.1,10.5,5104284.54,9.0,38.5,7.29,18
32376696,10636,0.048,0.4703,8.25,3.506248314303695,45524,41.7,89.4,11.8,1236541.36,14.8,39.9,7.29,19
40536433,34335,0.053,0.4624,9.25,2.505338078291815,44283,46.0,88.0,10.0,8761605.3,7.6,38.0,7.29,17
1011386,446,0.072,0.4736,8.375,6.4,27395,24.7,86.9,15.9,56178.159999999996,23.7,43.6,7.29,21
290696190,148879,0.1,0.5022,10.25,6.152798868932293,32469,31.8,78.7,11.0,27785287.77,20.1,37.0,3.01,17
49804840,22188,0.078,0.4617,8.75,1.9341489744512415,84017,33.1,84.4,9.6,2276045.04,12.5,38.7,7.29,19
101637339,62515,0.131,0.4755,9.25,3.188892026109053,20421,14.3,69.8,10.4,7590571.3,29.8,31.3,7.29,16
5511529,4355,0.097,0.4852,9.375,2.09,57375,49.9,89.2,9.3,465375.3,0.0,40.0,7.29,20
103721349,48850,0.047,0.463,7.75,1.0214709181220958,36156,38.1,87.1,11.1,9277103.5,4.8,36.3,7.29,20
126892675,79536,0.07,0.4583,8.75,2.9656381394245344,31311,30.4,87.4,13.6,23739109.92,13.8,36.6,3.68,21
227869672,174484,0.054,0.441,7.75,2.789446964244869,23956,20.3,79.5,14.4,14668869.879999999,8.1,33.8,7.29,17
69014712,16650,0.103,0.4687,7.75,2.4349331746117633,27142,21.8,81.7,11.8,4216279.5,12.0,36.0,5.29,19
37073833,41878,0.061,0.5022,9.5,0.6911179428516956,32469,31.8,78.7,11.0,7815691.14,4.2,37.0,3.01,17
25183509,47703,0.049,0.47,7.75,0.6201294003348699,38590,39.9,85.1,10.5,4725936.21,4.2,38.5,7.29,18
453308317,93879,0.064,0.4603,7.25,7.26,27983,22.2,90.8,19.4,42878294.46,17.9,41.5,7.29,21
176874604,72933,0.055,0.441,8.75,3.5723718046732738,23956,20.3,79.5,14.4,6131477.31,13.6,33.8,7.29,17
161346882,69742,0.065,0.5022,9.5,2.3713188979295423,32469,31.8,78.7,11.0,13015949.459999999,4.5,37.0,3.01,17
310534684,81771,0.039,0.4852,9.875,2.1618035618287257,57375,49.9,89.2,9.3,8738049.06,9.6,40.0,7.29,20
38323111,24929,0.158,0.4668,9.25,4.545454545454545,23284,20.7,75.3,14.6,288328.814,23.1,32.6,7.29,16
200521662,104050,0.086,0.441,7.75,5.723079882652816,23956,20.3,79.5,14.4,8747483.5,17.6,33.8,7.29,17
319689775,114643,0.081,0.4703,9.75,9.316322485313727,45524,41.7,89.4,11.8,13328395.18,15.4,39.9,7.29,19
31463120,28059,0.041,0.4645,9.25,4.879557403525652,22553,16.1,73.8,16.1,1097668.0799999998,14.0,32.1,7.29,16
6078631,3380,0.069,0.4754,9.75,3.242924528301887,26747,29.8,90.3,16.9,5050294.600000001,5.6,39.1,7.29,21
26012537,9961,0.18,0.4011,8.125,1.1576510208377184,33700,26.2,88.0,14.5,2251684.0500000003,11.9,38.5,7.29,20
23918924,16162,0.03,0.4546,7.75,0.807302987021052,26145,18.4,78.9,11.6,1600522.86,11.3,34.6,7.29,20
25741596,24735,0.068,0.4438,7.875,0.9582751048113396,25101,16.9,78.3,17.1,8544211.05,10.5,34.4,7.29,19
998622368,312789,0.067,0.4687,8.75,5.05911300486107,27142,21.8,81.7,11.8,79207558.47,15.6,36.0,5.29,19
101886535,44287,0.057,0.4589,9.0,6.05016881557182,39929,34.9,88.0,12.3,9859171.94,12.9,42.5,1.13,21
3217329,1703,0.091,0.5022,9.5,0.5353319057815846,32469,31.8,78.7,11.0,317830.89,1.5,37.0,3.01,17
13120352,8283,0.091,0.5022,9.5,1.22684333210649,32469,31.8,78.7,11.0,1545856.29,3.7,37.0,3.01,17
34976031,50823,0.094,0.5022,9.5,3.21165739874103,32469,31.8,78.7,11.0,9485096.49,15.7,37.0,3.01,17
9689811,2330,0.053,0.5158,8.25,0.8097165991902834,69275,58.8,93.2,8.7,137306.9,4.2,47.1,7.29,21
1477549000,518322,0.073,0.4583,8.75,6.2712332711982475,31311,30.4,87.4,10.6,154703567.34,18.3,36.6,3.68,21
213103658,161777,0.103,0.4619,9.25,4.982700725741193,28836,24.5,71.3,11.7,27631511.6,17.2,34.9,7.29,20
23619047,12772,0.042,0.5158,9.25,1.78,69275,58.8,93.2,8.7,752653.96,3.7,47.1,7.29,21
322248359,222024,0.098,0.441,8.75,13.1878273308262,23956,20.3,79.5,14.4,18665557.68,28.4,33.8,7.29,17
116208030,43169,0.051,0.4852,9.875,3.187287802850082,57375,49.9,89.2,9.3,4613039.34,5.0,40.0,7.29,20
86475331,30207,0.037,0.4852,77.5,2.09,57375,49.9,89.2,9.3,3227920.02,2.9,40.0,7.29,20
124561204,63877,0.055,0.47,77.5,1.3380909901873326,38590,39.9,85.1,10.5,6328294.39,5.5,38.5,7.29,18
3767787945,1371832,0.062,0.463,77.5,3.6171645730115825,36156,38.1,87.1,11.1,260524615.12,13.8,36.3,7.29,20
38322374,34651,0.074,0.5022,9.5,2.2901435743856253,32469,31.8,78.7,11.0,6466916.13,8.6,37.0,3.01,17
48621324,23520,0.069,0.5022,10.25,3.249258762844726,32469,31.8,78.7,11.0,4389537.6,14.7,37.0,3.01,17
12956217552,849475,0.057,0.5128,8.625,6.696335356266937,64157,57.1,88.5,11.6,260635919.5,10.9,38.7,3.53,21
61144207,39250,0.075,0.5022,10.25,2.424422344267973,32469,31.8,78.7,11.0,7325227.5,12.3,37.0,3.01,17
58786111,54503,0.096,0.4687,8.75,2.1839359378791556,27142,21.8,81.7,11.8,13801794.69,18.2,36.0,5.29,19
3531895,3674,0.173,0.4668,7.975,5.42,23284,20.7,75.3,14.6,42493.484000000004,7.7,32.6,7.29,16
2830867413,991144,0.054,0.4652,9.375,4.383620125999031,52451,51.3,88.1,7.8,126955634.96000001,9.1,37.5,7.29,18
82778615,34907,0.05,0.47,7.75,1.739898920157972,38590,39.9,85.1,10.5,3458236.4899999998,9.7,38.5,7.29,18
186494542,89926,0.07,0.4624,10.75,5.027852531091842,44283,46.0,88.0,10.0,22947316.68,9.9,38.0,7.29,17
162447856,47541,0.05,0.4538,8.75,4.022205928563947,35832,34.6,90.9,11.8,18914186.85,31.8,39.7,7.29,22
131985875,92958,0.056,0.463,7.75,1.9574433558490032,36156,38.1,87.1,11.1,17653653.78,12.5,36.3,7.29,20
31958450,12334,0.045,0.5022,9.5,1.060927553804183,32469,31.8,78.7,11.0,2301894.42,9.1,37.0,3.01,17
295971231,104719,0.042,0.5158,9.625,2.5089605734767026,69275,58.8,93.2,8.7,6171090.67,7.6,47.1,7.29,21
56729597,31793,0.081,0.4703,9.5,6.1909624712790405,45524,41.7,89.4,11.8,3696254.18,17.8,39.9,7.29,19
148062090,61179,0.045,0.5158,9.25,3.9103010931841755,69275,58.8,93.2,8.7,3605278.47,13.3,47.1,7.29,21
100635196,84226,0.044,0.4703,8.75,0.7592915024807886,45524,41.7,89.4,11.8,9792114.76,3.6,39.9,7.29,19
8454291,378,0.036,0.47,9.25,22.11302211302211,38590,39.9,85.1,10.5,37448.46,6.0,38.5,7.29,18
53604480,26558,0.097,0.4619,8.75,6.131352434854381,28836,24.5,71.3,11.7,4536106.4,30.7,34.9,7.29,20
690997945,311340,0.062,0.47,9.25,4.354680157283974,38590,39.9,85.1,10.5,30844453.799999997,17.7,38.5,7.29,18
418514195,88499,0.043,0.4798,8.75,4.361241645496473,34229,33.8,81.0,9.6,20680446.32,13.2,33.9,7.29,20
1000850828,129122,0.041,0.4652,9.125,1.6314332980110238,52451,51.3,88.1,7.8,16539236.98,7.9,37.5,7.29,18
274721276,228084,0.079,0.5022,9.5,1.2700421360549832,32469,31.8,78.7,11.0,42567316.92,8.6,37.0,3.01,17
262544187,57594,0.05,0.4826,9.25,5.960498291528125,39001,40.0,86.4,13.4,29352206.16,23.6,38.5,7.29,21
98677720,18568,0.06,0.5022,10.5,5.8200764924339,32469,31.8,78.7,11.0,3465345.84,13.3,37.0,3.01,17
250614364,110969,0.085,0.4798,8.75,3.18,34229,33.8,81.0,9.6,25931235.92,17.1,33.9,7.29,20
642221929,93242,0.07,0.5022,10.25,7.247246810229096,32469,31.8,78.7,11.0,17401754.46,10.4,37.0,3.01,17
46991202,30629,0.107,0.4617,8.25,3.023456708086916,84017,33.1,84.4,9.6,3141922.82,15.4,38.7,7.29,19
561659367,177396,0.059,0.4589,9.25,4.817746396528075,39929,34.9,88.0,12.3,39491897.52,11.5,42.5,1.13,21
64304367,59146,0.055,0.463,7.75,1.6694775216776545,36156,38.1,87.1,11.1,11232416.86,6.6,36.3,7.29,20
35690808,30772,0.039,0.4652,9.125,0.5217504728363661,52451,51.3,88.1,7.8,3941585.48,4.7,37.5,7.29,18
25990767,7159,0.053,0.5158,9.25,0.9834223096375385,69275,58.8,93.2,8.7,421879.87,5.0,47.1,7.29,21
21347784,12407,0.037,0.4826,9.75,1.0947368421052632,39001,40.0,86.4,13.4,6323103.4799999995,4.7,38.5,7.29,21
53686043,25002,0.06,0.47,8.75,0.7877280265339967,38590,39.9,85.1,10.5,2476948.1399999997,6.3,38.5,7.29,18
55063199,31113,0.051,0.4619,9.25,2.29169115054648,28836,24.5,71.3,11.7,5314100.4,14.7,34.9,7.29,20
18491320,7520,0.059,0.4589,9.25,2.6871401151631478,39929,34.9,88.0,12.3,1674102.4000000001,9.7,42.5,1.13,21
35353414,24702,0.095,0.4668,8.475,3.4023135732297964,23284,20.7,75.3,14.6,285703.332,25.4,32.6,7.29,16
59935650,19950,0.081,0.4645,7.25,2.5909268674227612,22553,16.1,73.8,16.1,780444.0,25.6,32.1,7.29,16
40174327,10318,0.083,0.4603,7.25,1.1691348402182387,27983,22.2,90.8,19.4,4712643.32,17.1,41.5,7.29,21
30146675,10959,0.06,0.5022,10.25,1.3740038472107723,32469,31.8,78.7,11.0,2045278.17,5.7,37.0,3.01,17
37196814,11702,0.055,0.5022,10.25,8.172746042670338,32469,31.8,78.7,11.0,2183944.26,13.5,37.0,3.01,17
193605093,126478,0.053,0.4617,7.25,1.1585002975600078,84017,33.1,84.4,9.6,12974113.24,6.7,38.7,7.29,19
35091462,12909,0.034,0.463,8.75,0.9672619047619048,36156,38.1,87.1,11.1,2451548.19,5.1,36.3,7.29,20
28804756,26316,0.13,0.4619,9.25,2.037286181049395,28836,24.5,71.3,12.3,4494772.800000001,13.0,34.9,7.29,20
18099205,5858,0.046,0.4798,87.5,1.6772895001677288,34229,33.8,81.0,9.6,1368897.44,16.6,33.9,7.29,20
25450596,10755,0.048,0.4589,9.0,3.3560010597898087,39929,34.9,88.0,12.3,2394278.1,11.2,42.5,1.13,21
22698547,19532,0.072,0.5022,10.25,4.8916171110684825,32469,31.8,78.7,11.0,3645257.1599999997,17.5,37.0,3.01,17
140910055,92783,0.099,0.5022,10.25,6.585843612684632,32469,31.8,78.7,11.0,17316091.29,18.8,37.0,3.01,17
74492943,21508,0.054,0.4852,8.75,5.018990775908844,40382,33.7,93.1,14.6,41167602.48,13.6,46.2,7.29,23
59704740,26849,0.067,0.5022,10.25,1.1322817429330003,32469,31.8,78.7,11.0,5010828.87,8.7,37.0,3.01,17
235456193,65090,0.057,0.4852,9.875,2.432198795622042,57375,49.9,89.2,9.3,6955517.4,7.5,40.0,7.29,20
32474283,5521,0.039,0.4719,8.25,1.937046004842615,42677,34.9,85.1,12.3,559884.61,8.4,42.1,7.29,21
40826213,38284,0.07,0.47,8.75,2.4819730379349987,38590,39.9,85.1,10.5,3792795.88,18.9,38.5,7.29,18
746349975,323884,0.099,0.4546,9.0,13.966658588538412,26145,18.4,78.9,11.6,32074232.52,20.5,34.6,7.29,20
29797866,29266,0.078,0.4011,8.375,3.8099057549629034,33700,26.2,88.0,14.5,6615579.300000001,9.9,38.5,7.29,20
554860115,155326,0.037,0.4652,9.125,1.6724891675653337,52451,51.3,88.1,7.8,19895707.34,5.8,37.5,7.29,18
25251346,7355,0.068,0.4645,8.25,7.1178157866779985,22553,16.1,73.8,16.1,287727.6,24.5,32.1,7.29,16
24664421,12260,0.094,0.4645,8.25,4.913602489558595,22553,16.1,73.8,16.1,479611.19999999995,22.3,32.1,7.29,16
152869591,110394,0.057,0.4687,8.75,1.423304467118237,27142,21.8,81.7,11.8,27955072.619999997,6.9,36.0,5.29,19
21929644,36497,0.079,0.5022,9.5,1.7683465959328026,32469,31.8,78.7,11.0,6811435.109999999,11.5,37.0,3.01,17
205906536,125995,0.05,0.4617,7.25,0.6885166378480726,84017,33.1,84.4,9.6,12924567.1,5.5,38.7,7.29,19
13533032,9065,0.091,0.5158,8.25,0.0,69275,58.8,93.2,8.7,534200.45,2.6,47.1,7.29,21
373897582,145876,0.068,0.5022,100.0,1.9286004559762506,32469,31.8,78.7,11.0,27224837.88,7.0,37.0,3.01,17
250108516,93624,0.065,0.4546,8.25,1.7869637763065827,26145,18.4,78.9,11.6,9271584.72,8.5,34.6,7.29,20
2372093,300,0.051,0.4754,8.5,4.32,26747,29.8,90.3,16.9,448251.0,17.0,39.1,7.29,21
55055532,17035,0.059,0.4634,8.25,1.8662332189512973,37145,36.6,94.2,10.5,5218331.55,7.7,50.1,7.29,23
155745793,69229,0.081,0.4755,8.25,4.007123775601068,20421,14.3,69.8,10.4,8405785.18,19.9,31.3,7.29,16
1759348,899,0.118,0.4594,7.25,3.045685279187817,28130,22.5,90.0,20.3,69735.43,59.3,47.1,7.29,21
167715241,71734,0.069,0.4438,8.625,5.747436589314625,25101,16.9,78.3,17.1,24779075.62,16.4,34.4,7.29,19
113212389,80157,0.059,0.47,7.75,1.7546916222808502,38590,39.9,85.1,10.5,7941153.989999999,12.3,38.5,7.29,18
16017119,27486,0.08,0.441,7.75,4.400481420189559,23956,20.3,79.5,14.4,2310748.02,23.5,33.8,7.29,17
85106287,16228,0.064,0.4736,8.875,6.791381119960487,27395,24.7,86.9,15.9,2044078.88,19.9,43.6,7.29,21
95559427,69301,0.061,0.4624,10.75,3.6834126751948086,44283,46.0,88.0,10.0,17684229.18,6.4,38.0,7.29,17
128790393,78891,0.064,0.441,7.75,3.8502286880797953,23956,20.3,79.5,14.4,6632366.369999999,13.8,33.8,7.29,17
258032395,101286,0.063,0.4011,8.125,3.272464828418045,33700,26.2,88.0,14.5,22895700.3,8.3,38.5,7.29,20
260259546,124410,0.087,0.4011,9.25,8.454470596867688,33700,26.2,88.0,14.5,28122880.5,14.1,38.5,7.29,20
248088848,109821,0.059,0.4617,77.5,4.1040897523208715,84017,33.1,84.4,9.6,11265438.18,6.2,38.7,7.29,19
257201004,134700,0.109,0.441,8.75,8.026712378847824,23956,20.3,79.5,14.4,11324229.0,22.8,33.8,7.29,17
5399110,5834,0.014,0.47,7.75,0.684931506849315,38590,39.9,85.1,10.5,577974.38,6.4,38.5,7.29,18
260093334,141279,0.069,0.4755,8.5,4.341995094879261,20421,14.3,69.8,10.4,17154096.18,18.4,31.3,7.29,16
167520606,99536,0.068,0.463,8.25,3.4628816261848634,36156,38.1,87.1,11.0,18902881.759999998,14.4,36.3,7.29,20
20466446,28344,0.068,0.5022,9.5,1.2621230237810548,32469,31.8,78.7,11.0,5289840.72,7.1,37.0,3.01,17
116927613,70566,0.048,0.4703,9.25,1.7010177756357554,45524,41.7,89.4,11.8,8204003.16,6.2,39.9,7.29,19
24124568,25235,0.138,0.4645,8.25,5.45,22553,16.1,73.8,16.1,987193.2,22.9,32.1,7.29,16
9514007,8944,0.075,0.4438,7.875,1.4410819199645273,25101,16.9,78.3,17.1,3089525.92,20.9,34.4,7.29,19
139144170,52147,0.135,0.4826,9.75,6.044857263964911,39001,40.0,86.4,13.4,26576197.08,16.4,38.5,7.29,21
8578681,2826,0.084,0.4594,7.5,12.719790497568274,28130,22.5,90.0,20.3,219212.81999999998,38.1,47.1,7.29,21
109147071,109290,0.092,0.5022,9.5,2.445102741336343,32469,31.8,78.7,11.0,20396792.7,9.6,37.0,3.01,17
111432716,35553,0.094,0.5022,10.25,7.908966185134371,32469,31.8,78.7,11.0,6635256.39,13.0,37.0,3.01,17
184606059,53776,0.062,0.4931,8.25,3.8990656955786065,32598,41.6,86.4,5.6,10583116.8,16.4,31.5,7.29,18
15557739,8121,0.028,0.5022,9.5,1.5553960277578367,32469,31.8,78.7,11.0,1515622.23,4.8,37.0,3.01,17
110773382,90812,0.079,0.47,8.75,2.843466613969216,38590,39.9,85.1,10.5,8996744.84,15.9,38.5,7.29,18
2873739,2017,0.24,0.4768,7.75,3.66,17590,14.5,69.0,11.4,275219.64999999997,36.0,32.5,7.29,18
6644436,3708,0.026,0.4276,7.75,1.5228426395939085,23867,16.7,82.0,22.4,2118046.68,0.4,33.2,7.29,19
168968227,87886,0.087,0.5022,10.25,2.472202233106618,32469,31.8,78.7,11.0,16402164.18,10.8,37.0,3.01,17
25613305,36928,0.066,0.4687,8.75,1.607844170905928,27142,21.8,81.7,13.6,9351277.44,11.6,36.0,5.29,19
13598094,4959,0.098,0.4736,9.125,3.2408345148875837,27395,24.7,86.9,15.9,624635.64,19.7,43.6,7.29,21
44499861,26134,0.054,0.4589,8.5,2.0728351381294448,39929,34.9,88.0,12.3,5817951.08,4.5,42.5,1.13,21
17315740,7399,0.03,0.4931,7.25,1.4917276918904259,32598,41.6,86.4,5.6,1456123.2000000002,8.4,31.5,7.29,18
11306950,7513,0.088,0.4755,8.75,3.6448841447539704,20421,14.3,69.8,10.4,912228.46,36.0,31.3,7.29,16
170875753,60999,0.074,0.4931,8.0,3.6615666274355956,32598,41.6,86.4,5.6,12004603.200000001,12.8,31.5,7.29,18
12585826,5271,0.034,0.4852,9.375,2.09,57375,49.9,89.2,9.3,563259.0599999999,4.4,40.0,7.29,20
71143518,67760,0.049,0.47,7.75,0.6156101135947233,38590,39.9,85.1,10.2,6712983.199999999,4.2,38.5,7.29,18
16067012,2942,0.092,0.4719,7.75,1.6733601070950468,42677,34.9,85.1,15.6,298348.22,24.2,42.1,7.29,21
15958386,7777,0.045,0.4594,7.75,3.719941543775741,28130,22.5,90.0,20.3,603261.8899999999,16.0,47.1,7.29,21
51741030,54830,0.057,0.441,7.75,3.7061744866948336,23956,20.3,79.5,14.4,4609558.1,19.9,33.8,7.29,17
25238130,21846,0.102,0.441,8.75,7.31997438008967,23956,20.3,79.5,11.1,1836593.2199999997,14.5,33.8,7.29,17
